文件路径,处理时间,文件处理结果\\192.168.180.180\13.平台-财务\平台公司共享\1.汇旺物资\合同扫描件\01安徽\10 2021年中央财政湿地保护资金项目-栖息地改造工程\混凝土-宏大\21 汇旺-宏大 栖息地项目-混凝土采购补充协议一 7254元.pdf,2023-12-08 10:10:41.318148,文件无材料数据！
\\192.168.180.180\13.平台-财务\平台公司共享\1.汇旺物资\合同扫描件\01安徽\10 2021年中央财政湿地保护资金项目-栖息地改造工程\信合源\15 汇旺-信合源 栖息地项目-钢材补充协议 161335元（2022.07.20）.pdf,2023-12-08 10:11:16.647483,文件有材料数据，已写入数据库！
\\192.168.180.180\13.平台-财务\平台公司共享\1.汇旺物资\合同扫描件\01安徽\10 2021年中央财政湿地保护资金项目-栖息地改造工程\混凝土-宏大\21 汇旺-宏大 栖息地项目-混凝土采购补充协议二 86193元.pdf,2023-12-08 10:11:18.350381,文件无材料数据！
\\192.168.180.180\13.平台-财务\平台公司共享\1.汇旺物资\合同扫描件\01安徽\1 临泉县2020年高标农田建设项目五标段\1-4 汇旺-美临 临泉项目-苗木采购合同审批表 259680元.pdf,2023-12-08 10:11:35.107012,文件无材料数据！
\\192.168.180.180\13.平台-财务\平台公司共享\1.汇旺物资\合同扫描件\01安徽\1 临泉县2020年高标农田建设项目五标段\1-6 汇旺-大全 临泉项目-碎石采购合同审批表+企业资质 308244元.pdf,2023-12-08 10:12:08.506242,文件无材料数据！
\\192.168.180.180\13.平台-财务\平台公司共享\1.汇旺物资\合同扫描件\01安徽\10 2021年中央财政湿地保护资金项目-栖息地改造工程\信合源\19 汇旺-信合源 栖息地-混凝土采购补充协议三 574138.5元.pdf,2023-12-08 10:12:12.503785,文件有材料数据，已写入数据库！
\\192.168.180.180\13.平台-财务\平台公司共享\1.汇旺物资\合同扫描件\01安徽\10 2021年中央财政湿地保护资金项目-栖息地改造工程\混凝土-宏大\21 汇旺-宏大 栖息地项目-混凝土采购补充协议一审批表 7254元.pdf,2023-12-08 10:13:18.174813,文件有材料数据，已写入数据库！
\\192.168.180.180\13.平台-财务\平台公司共享\1.汇旺物资\合同扫描件\01安徽\10 2021年中央财政湿地保护资金项目-栖息地改造工程\混凝土-宏大\21 汇旺-宏大 栖息地项目-混凝土采购补充协议二审批表 86193元.pdf,2023-12-08 10:15:21.049643,文件有材料数据，已写入数据库！
\\192.168.180.180\13.平台-财务\平台公司共享\1.汇旺物资\合同扫描件\01安徽\10 2021年中央财政湿地保护资金项目-栖息地改造工程\板材-明鑫\10-11 汇旺-明鑫木业 栖息地项目-板材补充审批表+补充协议 180340元.pdf,2023-12-08 10:17:43.885956,文件有材料数据，已写入数据库！
\\192.168.180.180\13.平台-财务\平台公司共享\1.汇旺物资\合同扫描件\01安徽\10 2021年中央财政湿地保护资金项目-栖息地改造工程\信合源\19 汇旺-信合源 栖息地-混凝土采购补充协议二 86193元.pdf,2023-12-08 10:17:57.171990,文件无材料数据！
\\192.168.180.180\13.平台-财务\平台公司共享\1.汇旺物资\合同扫描件\01安徽\10 2021年中央财政湿地保护资金项目-栖息地改造工程\混凝土-宏大\21 汇旺-宏大 栖息地项目-混凝土采购补充协议三 574138.5元.pdf,2023-12-08 10:21:26.705197,文件无材料数据！
\\192.168.180.180\13.平台-财务\平台公司共享\1.汇旺物资\合同扫描件\01安徽\2 金安区淠东乡淠东初中教师周转宿舍项目\汇旺-信合源 金安区项目附属工程-材料采购 642908元.pdf,2023-12-08 10:22:03.255396,文件无材料数据！
\\192.168.180.180\13.平台-财务\平台公司共享\1.汇旺物资\合同扫描件\01安徽\10 2021年中央财政湿地保护资金项目-栖息地改造工程\混凝土-宏大\21 汇旺-宏大 栖息地项目-混凝土采购补充协议四 346062.5元.pdf,2023-12-08 10:22:04.569634,文件有材料数据，已写入数据库！
\\192.168.180.180\13.平台-财务\平台公司共享\1.汇旺物资\合同扫描件\01安徽\10 2021年中央财政湿地保护资金项目-栖息地改造工程\钢材-振翔\2 汇旺-振翔 栖息地项目-钢材采购合同 117350.66元.pdf,2023-12-08 10:22:09.062816,文件有材料数据，已写入数据库！
\\192.168.180.180\13.平台-财务\平台公司共享\1.汇旺物资\合同扫描件\01安徽\10 2021年中央财政湿地保护资金项目-栖息地改造工程\电缆-卓众\10-3-2 汇旺-卓众 栖息地项目-电缆采购合同 172775元.pdf,2023-12-08 10:22:19.017803,文件有材料数据，已写入数据库！
\\192.168.180.180\13.平台-财务\平台公司共享\1.汇旺物资\合同扫描件\01安徽\10 2021年中央财政湿地保护资金项目-栖息地改造工程\中骄\32 汇旺-中骄 栖息地-钢材采购合同 101667元.pdf,2023-12-08 10:22:19.499430,文件有材料数据，已写入数据库！
\\192.168.180.180\13.平台-财务\平台公司共享\1.汇旺物资\合同扫描件\01安徽\10 2021年中央财政湿地保护资金项目-栖息地改造工程\配电柜-正泰\10-5-2 汇旺-正泰电器 栖息地项目-配电柜采购合同 6615元.pdf,2023-12-08 10:22:21.927773,文件有材料数据，已写入数据库！
\\192.168.180.180\13.平台-财务\平台公司共享\1.汇旺物资\合同扫描件\01安徽\10 2021年中央财政湿地保护资金项目-栖息地改造工程\信合源\16 汇旺-信合源 栖息地项目-水泥采购合同 76800元.pdf,2023-12-08 10:22:36.073976,文件有材料数据，已写入数据库！
\\192.168.180.180\13.平台-财务\平台公司共享\1.汇旺物资\合同扫描件\01安徽\10 2021年中央财政湿地保护资金项目-栖息地改造工程\管材-三帮\10-6-2 汇旺-三帮 栖息地项目-管材及配件采购合同 11746.9元.pdf,2023-12-08 10:22:37.681922,文件有材料数据，已写入数据库！
\\192.168.180.180\13.平台-财务\平台公司共享\1.汇旺物资\合同扫描件\01安徽\10 2021年中央财政湿地保护资金项目-栖息地改造工程\信合源\10-3-1 汇旺-信合源 栖息地项目-电缆采购合同 172775元.pdf,2023-12-08 10:22:47.818601,文件有材料数据，已写入数据库！
\\192.168.180.180\13.平台-财务\平台公司共享\1.汇旺物资\合同扫描件\01安徽\10 2021年中央财政湿地保护资金项目-栖息地改造工程\信合源\汇旺-信合源 栖息地项目-管材及配件采购合同 11746.9元.pdf,2023-12-08 10:23:00.557187,文件有材料数据，已写入数据库！
\\192.168.180.180\13.平台-财务\平台公司共享\1.汇旺物资\合同扫描件\01安徽\10 2021年中央财政湿地保护资金项目-栖息地改造工程\信合源\23 汇旺-信合源 栖息地项目-聚乙烯薄膜采购合同 19950元.pdf,2023-12-08 10:23:03.747375,文件无材料数据！
\\192.168.180.180\13.平台-财务\平台公司共享\1.汇旺物资\合同扫描件\01安徽\2 金安区淠东乡淠东初中教师周转宿舍项目\2-5 汇旺-焕天 金安区项目-砂石、电缆、波纹管、真石漆采购合同 822925元.pdf,2023-12-08 10:23:38.551044,文件有材料数据，已写入数据库！
\\192.168.180.180\13.平台-财务\平台公司共享\1.汇旺物资\合同扫描件\01安徽\1 临泉县2020年高标农田建设项目五标段\1-5 汇旺-隆茂 临泉项目-钢材采购合同 676500元.pdf,2023-12-08 10:24:16.564902,文件有材料数据，已写入数据库！
\\192.168.180.180\13.平台-财务\平台公司共享\1.汇旺物资\合同扫描件\01安徽\10 2021年中央财政湿地保护资金项目-栖息地改造工程\信合源\15 汇旺-信合源 栖息地项目-钢材采购合同 110962.77元.pdf,2023-12-08 10:24:17.845064,文件有材料数据，已写入数据库！
\\192.168.180.180\13.平台-财务\平台公司共享\1.汇旺物资\合同扫描件\01安徽\10 2021年中央财政湿地保护资金项目-栖息地改造工程\混凝土-宏大\21 汇旺-宏大 栖息地项目-混凝土采购补充协议三审批表 574138.5元.pdf,2023-12-08 10:24:45.438575,文件有材料数据，已写入数据库！
\\192.168.180.180\13.平台-财务\平台公司共享\1.汇旺物资\合同扫描件\01安徽\3 濉溪康复病房综合楼工程\3-1 汇旺-信合源 濉溪项目-材料采购 4000000元.pdf,2023-12-08 10:25:23.112296,文件无材料数据！
\\192.168.180.180\13.平台-财务\平台公司共享\1.汇旺物资\合同扫描件\01安徽\1 临泉县2020年高标农田建设项目五标段\1-1 汇旺-瑞丰 临泉项目-碎石采购合同 376050元.pdf,2023-12-08 10:25:47.872427,文件有材料数据，已写入数据库！
\\192.168.180.180\13.平台-财务\平台公司共享\1.汇旺物资\合同扫描件\01安徽\2 金安区淠东乡淠东初中教师周转宿舍项目\2-1 汇旺-普凡 金安区项目-开关插座采购合同164737.8元.pdf,2023-12-08 10:25:55.700498,文件有材料数据，已写入数据库！
\\192.168.180.180\13.平台-财务\平台公司共享\1.汇旺物资\合同扫描件\01安徽\10 2021年中央财政湿地保护资金项目-栖息地改造工程\混凝土-宏大\21 汇旺-宏大 栖息地项目-混凝土采购补充协议四审批表 346062.5元.pdf,2023-12-08 10:26:06.469798,文件有材料数据，已写入数据库！
\\192.168.180.180\13.平台-财务\平台公司共享\1.汇旺物资\合同扫描件\01安徽\10 2021年中央财政湿地保护资金项目-栖息地改造工程\信合源\15 汇旺-信合源 栖息地项目-钢材采购补充协议 45922.6元.pdf,2023-12-08 10:26:32.319878,文件有材料数据，已写入数据库！
\\192.168.180.180\13.平台-财务\平台公司共享\1.汇旺物资\合同扫描件\01安徽\1 临泉县2020年高标农田建设项目五标段\1-5 汇旺-隆茂 临泉项目-钢材采购合同审批表+企业资质 676500元.pdf,2023-12-08 10:26:59.147235,文件无材料数据！
\\192.168.180.180\13.平台-财务\平台公司共享\1.汇旺物资\合同扫描件\01安徽\10 2021年中央财政湿地保护资金项目-栖息地改造工程\信合源\19 汇旺-信合源 栖息地项目-商品混凝土购销合同 1461000元.pdf,2023-12-08 10:27:37.224852,文件无材料数据！
\\192.168.180.180\13.平台-财务\平台公司共享\1.汇旺物资\合同扫描件\01安徽\1 临泉县2020年高标农田建设项目五标段\1-2 汇旺-信合源 临泉项目-材料采购合同 2700000元.pdf,2023-12-08 10:28:44.279458,文件无材料数据！
\\192.168.180.180\13.平台-财务\平台公司共享\1.汇旺物资\合同扫描件\01安徽\10 2021年中央财政湿地保护资金项目-栖息地改造工程\信合源\15 汇旺-信合源 栖息地项目-钢材采购补充协议 733799.2元（2022.08.10）.pdf,2023-12-08 10:28:45.156554,文件有材料数据，已写入数据库！
\\192.168.180.180\13.平台-财务\平台公司共享\1.汇旺物资\合同扫描件\01安徽\10 2021年中央财政湿地保护资金项目-栖息地改造工程\中骄\29 汇旺-中骄 栖息地-商品混凝土采购合同 467309.85元.pdf,2023-12-08 10:30:11.696733,文件有材料数据，已写入数据库！
\\192.168.180.180\13.平台-财务\平台公司共享\1.汇旺物资\合同扫描件\01安徽\10 2021年中央财政湿地保护资金项目-栖息地改造工程\钢材-东胜万嘉\10-2-2 汇旺-东胜万嘉 栖息地项目-钢材采购合同 110962.77元.pdf,2023-12-08 10:30:14.788776,文件有材料数据，已写入数据库！
\\192.168.180.180\13.平台-财务\平台公司共享\1.汇旺物资\合同扫描件\01安徽\10 2021年中央财政湿地保护资金项目-栖息地改造工程\信合源\17 汇旺-信合源 栖息地项目-保温材料采购合同 18700.55元.pdf,2023-12-08 10:30:25.196083,文件有材料数据，已写入数据库！
\\192.168.180.180\13.平台-财务\平台公司共享\1.汇旺物资\合同扫描件\01安徽\11 池州市2022年普通国省干线公路S234板桥危桥改造项目\信合源\1 汇旺-信合源 池州-预制梁板采购合同 2297100元.pdf,2023-12-08 10:30:46.798557,文件有材料数据，已写入数据库！
\\192.168.180.180\13.平台-财务\平台公司共享\1.汇旺物资\合同扫描件\01安徽\10 2021年中央财政湿地保护资金项目-栖息地改造工程\信合源\10-4-1 汇旺-信合源 栖息地项目-木方材料采购合同 65034元.pdf,2023-12-08 10:30:51.385503,文件有材料数据，已写入数据库！
\\192.168.180.180\13.平台-财务\平台公司共享\1.汇旺物资\合同扫描件\01安徽\10 2021年中央财政湿地保护资金项目-栖息地改造工程\信合源\26 汇旺-信合源 栖息地-路灯采购合同 14245元.pdf,2023-12-08 10:31:24.374100,文件有材料数据，已写入数据库！
\\192.168.180.180\13.平台-财务\平台公司共享\1.汇旺物资\合同扫描件\01安徽\10 2021年中央财政湿地保护资金项目-栖息地改造工程\电缆-天辰\25 汇旺-天辰 栖息地-电缆采购合同 88199.33元.pdf,2023-12-08 10:31:30.545234,文件无材料数据！
\\192.168.180.180\13.平台-财务\平台公司共享\1.汇旺物资\合同扫描件\01安徽\10 2021年中央财政湿地保护资金项目-栖息地改造工程\宣城先达建设工程有限公司\33 汇旺-先达 栖息地-沥青、水稳采购合同 388750元.pdf,2023-12-08 10:31:52.192403,文件有材料数据，已写入数据库！
\\192.168.180.180\13.平台-财务\平台公司共享\1.汇旺物资\合同扫描件\01安徽\10 2021年中央财政湿地保护资金项目-栖息地改造工程\保温材料-兴盛锅炉\22 汇旺-兴盛锅炉 栖息地-保温材料采购合同 18700.55元.pdf,2023-12-08 10:32:09.556795,文件有材料数据，已写入数据库！
\\192.168.180.180\13.平台-财务\平台公司共享\1.汇旺物资\合同扫描件\01安徽\2 金安区淠东乡淠东初中教师周转宿舍项目\2-6 汇旺-焕天 金安区项目-砂石、电缆、波纹管采购合同 642908元.pdf,2023-12-08 10:32:38.457390,文件有材料数据，已写入数据库！
\\192.168.180.180\13.平台-财务\平台公司共享\1.汇旺物资\合同扫描件\01安徽\3 濉溪康复病房综合楼工程\3-12 汇旺-硕辰 濉溪项目-新风机组采购合同 189536元.pdf,2023-12-08 10:34:35.250826,文件有材料数据，已写入数据库！
\\192.168.180.180\13.平台-财务\平台公司共享\1.汇旺物资\合同扫描件\01安徽\10 2021年中央财政湿地保护资金项目-栖息地改造工程\钢材-东胜万嘉\10-6 汇旺-东胜万嘉 栖息地项目-钢材采购补充审批表+补充协议 45922.6元.pdf,2023-12-08 10:35:35.587962,文件有材料数据，已写入数据库！
\\192.168.180.180\13.平台-财务\平台公司共享\1.汇旺物资\合同扫描件\01安徽\1 临泉县2020年高标农田建设项目五标段\1-6 汇旺-大全 临泉项目-碎石采购合同 308244元.pdf,2023-12-08 10:35:36.041367,文件有材料数据，已写入数据库！
\\192.168.180.180\13.平台-财务\平台公司共享\1.汇旺物资\合同扫描件\01安徽\3 濉溪康复病房综合楼工程\3-10 汇旺-九歌 濉溪项目-瓷砖（内墙砖）采购 200400元.pdf,2023-12-08 10:35:43.858676,文件有材料数据，已写入数据库！
\\192.168.180.180\13.平台-财务\平台公司共享\1.汇旺物资\合同扫描件\01安徽\10 2021年中央财政湿地保护资金项目-栖息地改造工程\信合源\20 汇旺-信合源 栖息地项目-砂石采购合同 229720元.pdf,2023-12-08 10:35:46.807136,文件有材料数据，已写入数据库！
\\192.168.180.180\13.平台-财务\平台公司共享\1.汇旺物资\合同扫描件\01安徽\10 2021年中央财政湿地保护资金项目-栖息地改造工程\聚乙烯薄膜-恒阳\24 汇旺-恒阳 栖息地-聚乙烯薄膜采购合同 19950元.pdf,2023-12-08 10:35:50.589918,文件有材料数据，已写入数据库！
\\192.168.180.180\13.平台-财务\平台公司共享\1.汇旺物资\合同扫描件\01安徽\3 濉溪康复病房综合楼工程\3-16 汇旺-爱娜 濉溪项目-卫浴材料采购合同 112760元.pdf,2023-12-08 10:36:30.239629,文件有材料数据，已写入数据库！
\\192.168.180.180\13.平台-财务\平台公司共享\1.汇旺物资\合同扫描件\01安徽\4 太和县2021年自然村通硬化路和联网路工程13标段施工\4-10 汇旺-泰赛 太和县项目-护栏采购合同审批表+企业资质 266844.3元.pdf,2023-12-08 10:37:13.679897,文件无材料数据！
\\192.168.180.180\13.平台-财务\平台公司共享\1.汇旺物资\合同扫描件\01安徽\1 临泉县2020年高标农田建设项目五标段\1-3 汇旺-瑞丰 临泉项目-碎石采购合同 759000元.pdf,2023-12-08 10:37:47.799064,文件有材料数据，已写入数据库！
\\192.168.180.180\13.平台-财务\平台公司共享\1.汇旺物资\合同扫描件\01安徽\4 太和县2021年自然村通硬化路和联网路工程13标段施工\4-2 汇旺-双畅 太和县项目-细粒式混凝土采购补充协议 217700元.pdf,2023-12-08 10:37:51.560154,文件有材料数据，已写入数据库！
\\192.168.180.180\13.平台-财务\平台公司共享\1.汇旺物资\合同扫描件\01安徽\2 金安区淠东乡淠东初中教师周转宿舍项目\2-2 汇旺-鑫瑞 金安区项目-门采购合同 84000元.pdf,2023-12-08 10:37:53.922361,文件有材料数据，已写入数据库！
\\192.168.180.180\13.平台-财务\平台公司共享\1.汇旺物资\合同扫描件\01安徽\10 2021年中央财政湿地保护资金项目-栖息地改造工程\中骄\30 汇旺-中骄 栖息地-钢材采购合同 93654元.pdf,2023-12-08 10:39:39.900713,文件有材料数据，已写入数据库！
\\192.168.180.180\13.平台-财务\平台公司共享\1.汇旺物资\合同扫描件\01安徽\10 2021年中央财政湿地保护资金项目-栖息地改造工程\信合源\10-5-1 汇旺-信合源 栖息地项目-配电柜采购 6615元.pdf,2023-12-08 10:40:42.913312,文件有材料数据，已写入数据库！
\\192.168.180.180\13.平台-财务\平台公司共享\1.汇旺物资\合同扫描件\01安徽\10 2021年中央财政湿地保护资金项目-栖息地改造工程\信合源\28 汇旺-信合源 栖息地-电缆采购合同 88199.33元.pdf,2023-12-08 10:44:07.196279,文件有材料数据，已写入数据库！
\\192.168.180.180\13.平台-财务\平台公司共享\1.汇旺物资\合同扫描件\01安徽\10 2021年中央财政湿地保护资金项目-栖息地改造工程\信合源\1 汇旺-信合源 栖息地项目-钢材采购合同 117350.66元.pdf,2023-12-08 10:44:07.710152,文件有材料数据，已写入数据库！
\\192.168.180.180\13.平台-财务\平台公司共享\1.汇旺物资\合同扫描件\01安徽\10 2021年中央财政湿地保护资金项目-栖息地改造工程\钢材-东胜万嘉\10-6 汇旺-东胜万嘉 栖息地项目-钢材采购补充审批表+补充协议 733799.2元（2022.07.26）.pdf,2023-12-08 10:44:39.871456,文件有材料数据，已写入数据库！
\\192.168.180.180\13.平台-财务\平台公司共享\1.汇旺物资\合同扫描件\01安徽\4 太和县2021年自然村通硬化路和联网路工程13标段施工\4-10 汇旺-泰赛 太和县项目-护栏采购补充协议 191575元.pdf,2023-12-08 10:44:49.284786,文件有材料数据，已写入数据库！
\\192.168.180.180\13.平台-财务\平台公司共享\1.汇旺物资\合同扫描件\01安徽\10 2021年中央财政湿地保护资金项目-栖息地改造工程\信合源\14 汇旺-信合源 栖息地项目-板材补充协议 180340元（2022.07.19）.pdf,2023-12-08 10:45:21.234951,文件有材料数据，已写入数据库！
\\192.168.180.180\13.平台-财务\平台公司共享\1.汇旺物资\合同扫描件\01安徽\3 濉溪康复病房综合楼工程\3-5 汇旺-科创 濉溪项目-真空保温板采购 144900元.pdf,2023-12-08 10:45:21.430331,文件有材料数据，已写入数据库！
\\192.168.180.180\13.平台-财务\平台公司共享\1.汇旺物资\合同扫描件\01安徽\10 2021年中央财政湿地保护资金项目-栖息地改造工程\电缆-天辰\25 汇旺-天辰 栖息地-电缆采购审批合同 88199.33元.pdf,2023-12-08 10:45:38.675105,文件有材料数据，已写入数据库！
\\192.168.180.180\13.平台-财务\平台公司共享\1.汇旺物资\合同扫描件\01安徽\11 池州市2022年普通国省干线公路S234板桥危桥改造项目\黄山装配科技有限公司\2 汇旺-黄山 S234-预制梁板采购合同 2297100元.pdf,2023-12-08 10:46:22.581871,文件有材料数据，已写入数据库！
\\192.168.180.180\13.平台-财务\平台公司共享\1.汇旺物资\合同扫描件\01安徽\5 利辛县2021年老旧小区改造和平小区施工项目\中瓷万达陶瓷有限公司\5-3 汇旺-中瓷万达 利辛县项目-瓷砖采购合同审批表 144000元.pdf,2023-12-08 10:47:22.582880,文件无材料数据！
\\192.168.180.180\13.平台-财务\平台公司共享\1.汇旺物资\合同扫描件\01安徽\2 金安区淠东乡淠东初中教师周转宿舍项目\2-7  汇旺-焕天 金安区项目-真石漆采购合同 180000.1元.pdf,2023-12-08 10:48:34.718080,文件有材料数据，已写入数据库！
\\192.168.180.180\13.平台-财务\平台公司共享\1.汇旺物资\合同扫描件\01安徽\4 太和县2021年自然村通硬化路和联网路工程13标段施工\4-2 汇旺-双畅 太和县项目-细粒式混凝土采购补充审批表 217700元.pdf,2023-12-08 11:46:38.664447,文件无材料数据！
\\192.168.180.180\13.平台-财务\平台公司共享\1.汇旺物资\合同扫描件\01安徽\10 2021年中央财政湿地保护资金项目-栖息地改造工程\混凝土-宏大\21 汇旺-宏大 栖息地项目-混凝土采购补充协议一 7254元.pdf,2023-12-08 11:47:02.725035,文件无材料数据！
\\192.168.180.180\13.平台-财务\平台公司共享\1.汇旺物资\合同扫描件\01安徽\10 2021年中央财政湿地保护资金项目-栖息地改造工程\管材-三帮\10-2 汇旺-三帮 栖息地项目-管材及配件补充审批表+补充协议 10876.8元.pdf,2023-12-08 11:50:28.747066,文件有材料数据，已写入数据库！
\\192.168.180.180\13.平台-财务\平台公司共享\1.汇旺物资\合同扫描件\01安徽\2 金安区淠东乡淠东初中教师周转宿舍项目\汇旺-信合源 金安区项目-材料采购 520157.9元.pdf,2023-12-08 11:52:47.796159,文件无材料数据！
\\192.168.180.180\13.平台-财务\平台公司共享\1.汇旺物资\合同扫描件\01安徽\5 利辛县2021年老旧小区改造和平小区施工项目\利辛县文州路天正电器门市部\5-6 汇旺-天正 利辛县项目-电力电缆补充协议 更名.pdf,2023-12-08 11:54:04.810211,文件无材料数据！
\\192.168.180.180\13.平台-财务\平台公司共享\1.汇旺物资\合同扫描件\01安徽\4 太和县2021年自然村通硬化路和联网路工程13标段施工\4-11 汇旺-鑫飒 太和县项目-砂子、石子采购合同+审批表 110000元.pdf,2023-12-08 11:54:59.439554,文件有材料数据，已写入数据库！
\\192.168.180.180\13.平台-财务\平台公司共享\1.汇旺物资\合同扫描件\01安徽\5 利辛县2021年老旧小区改造和平小区施工项目\利辛县文州路天正电器门市部\5-6 汇旺-天正 利辛县项目-电力电缆补充协议 税率变更.pdf,2023-12-08 11:55:00.793368,文件无材料数据！
\\192.168.180.180\13.平台-财务\平台公司共享\1.汇旺物资\合同扫描件\01安徽\3 濉溪康复病房综合楼工程\3-11 汇旺-新绿宝 濉溪项目-电线电缆采购 150560元.pdf,2023-12-08 11:55:30.451747,文件有材料数据，已写入数据库！
\\192.168.180.180\13.平台-财务\平台公司共享\1.汇旺物资\合同扫描件\01安徽\3 濉溪康复病房综合楼工程\3-2 汇旺-凯达 濉溪项目-水泥采购 284750元.pdf,2023-12-08 11:56:18.050209,文件有材料数据，已写入数据库！
\\192.168.180.180\13.平台-财务\平台公司共享\1.汇旺物资\合同扫描件\01安徽\4 太和县2021年自然村通硬化路和联网路工程13标段施工\4-4 汇旺-臻昌 太和县项目-土工格栅采购合同 110000元.pdf,2023-12-08 11:56:41.877613,文件有材料数据，已写入数据库！
\\192.168.180.180\13.平台-财务\平台公司共享\1.汇旺物资\合同扫描件\01安徽\3 濉溪康复病房综合楼工程\3-13 汇旺-金润 濉溪项目-商品混凝土采购合同 377820元.pdf,2023-12-08 11:56:45.954026,文件无材料数据！
\\192.168.180.180\13.平台-财务\平台公司共享\1.汇旺物资\合同扫描件\01安徽\3 濉溪康复病房综合楼工程\3-8 汇旺-安厦 濉溪项目-空心砖采购 174720元.pdf,2023-12-08 11:57:08.763057,文件有材料数据，已写入数据库！
\\192.168.180.180\13.平台-财务\平台公司共享\1.汇旺物资\合同扫描件\01安徽\6 定远县城发新材料科技项目土建部分\6-1  汇旺-嘉冠 定远项目-履约担保保证合同.pdf,2023-12-08 11:57:48.493856,文件无材料数据！
\\192.168.180.180\13.平台-财务\平台公司共享\1.汇旺物资\合同扫描件\01安徽\10 2021年中央财政湿地保护资金项目-栖息地改造工程\信合源\18 汇旺-信合源 栖息地项目-商品混凝土购销合同 1452000元.pdf,2023-12-08 11:58:08.704707,文件无材料数据！
\\192.168.180.180\13.平台-财务\平台公司共享\1.汇旺物资\合同扫描件\01安徽\4 太和县2021年自然村通硬化路和联网路工程13标段施工\4-9 汇旺-马影 太和县项目-钢筋采购合同 99220元.pdf,2023-12-08 11:58:51.917234,文件有材料数据，已写入数据库！
\\192.168.180.180\13.平台-财务\平台公司共享\1.汇旺物资\合同扫描件\01安徽\6 定远县城发新材料科技项目土建部分\中石化-油料采购合同资料.pdf,2023-12-08 11:59:17.532154,文件无材料数据！
\\192.168.180.180\13.平台-财务\平台公司共享\1.汇旺物资\合同扫描件\01安徽\10 2021年中央财政湿地保护资金项目-栖息地改造工程\中骄\31 汇旺-中骄 栖息地-商品混凝土采购合同 667585.5元.pdf,2023-12-08 11:59:37.373794,文件有材料数据，已写入数据库！
\\192.168.180.180\13.平台-财务\平台公司共享\1.汇旺物资\合同扫描件\01安徽\5 利辛县2021年老旧小区改造和平小区施工项目\信合源\14 汇旺-信合源 利辛县项目-材料采购 4773530.8元.pdf,2023-12-08 11:59:38.695447,文件无材料数据！
\\192.168.180.180\13.平台-财务\平台公司共享\1.汇旺物资\合同扫描件\01安徽\4 太和县2021年自然村通硬化路和联网路工程13标段施工\4-9 汇旺-马影 太和县项目-钢筋采购合同审批表+企业资质 99220元.pdf,2023-12-08 12:00:33.996965,文件无材料数据！
\\192.168.180.180\13.平台-财务\平台公司共享\1.汇旺物资\合同扫描件\01安徽\6 定远县城发新材料科技项目土建部分\信合源\汇旺-信合源 定远项目-材料采购20210825主合同补充协议1009590元（2022.04.01）.pdf,2023-12-08 12:01:32.228874,文件有材料数据，已写入数据库！
\\192.168.180.180\13.平台-财务\平台公司共享\1.汇旺物资\合同扫描件\01安徽\5 利辛县2021年老旧小区改造和平小区施工项目\利辛县皖通商砼有限公司\5-1 汇旺-皖通 利辛县项目-商品混凝土采购 1015200元.pdf,2023-12-08 12:04:18.711188,文件无材料数据！
\\192.168.180.180\13.平台-财务\平台公司共享\1.汇旺物资\合同扫描件\01安徽\6 定远县城发新材料科技项目土建部分\商混-昆仑\6-5  汇旺-昆仑 定远项目-商品混凝土补充协议 350w （2022.03.20）.pdf,2023-12-08 12:04:39.818028,文件无材料数据！
\\192.168.180.180\13.平台-财务\平台公司共享\1.汇旺物资\合同扫描件\01安徽\4 太和县2021年自然村通硬化路和联网路工程13标段施工\4-2 汇旺-双畅 太和县项目-细粒式沥青混凝土采购合同 796800元.pdf,2023-12-08 12:04:59.037875,文件有材料数据，已写入数据库！
\\192.168.180.180\13.平台-财务\平台公司共享\1.汇旺物资\合同扫描件\01安徽\4 太和县2021年自然村通硬化路和联网路工程13标段施工\4-5 汇旺-金石 太和县项目-砂子、石子采购合同 2499300元.pdf,2023-12-08 12:05:24.260610,文件有材料数据，已写入数据库！
\\192.168.180.180\13.平台-财务\平台公司共享\1.汇旺物资\合同扫描件\01安徽\6 定远县城发新材料科技项目土建部分\中骄\76 汇旺-中骄 定远-砂采购合同 255000元.pdf,2023-12-08 12:06:13.935361,文件有材料数据，已写入数据库！
\\192.168.180.180\13.平台-财务\平台公司共享\1.汇旺物资\合同扫描件\01安徽\6 定远县城发新材料科技项目土建部分\商混-梦元\汇旺-梦元 定远项目-商混采购补充协议一 2000305元（2022.05.18）.pdf,2023-12-08 12:06:30.242285,文件无材料数据！
\\192.168.180.180\13.平台-财务\平台公司共享\1.汇旺物资\合同扫描件\01安徽\3 濉溪康复病房综合楼工程\3-3 汇旺-辰泽 濉溪项目-门窗采购 284195元.pdf,2023-12-08 12:06:35.007526,文件有材料数据，已写入数据库！
\\192.168.180.180\13.平台-财务\平台公司共享\1.汇旺物资\合同扫描件\01安徽\6 定远县城发新材料科技项目土建部分\幕墙材料、门窗-沪港\44 汇旺-沪港装饰 定远项目-幕墙材料、门窗采购审批表+补充协议 0元（2022.07.28）.pdf,2023-12-08 12:06:47.772950,文件无材料数据！
\\192.168.180.180\13.平台-财务\平台公司共享\1.汇旺物资\合同扫描件\01安徽\4 太和县2021年自然村通硬化路和联网路工程13标段施工\4-5 汇旺-金石 太和县项目-砂子、石子采购合同审批表+企业资质 2499300元.pdf,2023-12-08 12:07:02.150751,文件无材料数据！
\\192.168.180.180\13.平台-财务\平台公司共享\1.汇旺物资\合同扫描件\01安徽\4 太和县2021年自然村通硬化路和联网路工程13标段施工\汇旺-信合源 太和县项目-材料采购 6605214.3元.pdf,2023-12-08 12:07:39.177868,文件无材料数据！
\\192.168.180.180\13.平台-财务\平台公司共享\1.汇旺物资\合同扫描件\01安徽\3 濉溪康复病房综合楼工程\3-9 汇旺-隆达 濉溪项目-实心砖采购 117000元.pdf,2023-12-08 12:08:09.270337,文件有材料数据，已写入数据库！
\\192.168.180.180\13.平台-财务\平台公司共享\1.汇旺物资\合同扫描件\01安徽\6 定远县城发新材料科技项目土建部分\钢筋-家庆\汇旺-家庆 定远项目-钢筋采购补充协议 92846.4元（2022.03.05）.pdf,2023-12-08 12:08:11.603590,文件无材料数据！
\\192.168.180.180\13.平台-财务\平台公司共享\1.汇旺物资\合同扫描件\01安徽\6 定远县城发新材料科技项目土建部分\信合源\汇旺-信合源 定远项目-材料采购合同 21053620.37元.pdf,2023-12-08 12:08:37.728924,文件无材料数据！
\\192.168.180.180\13.平台-财务\平台公司共享\1.汇旺物资\合同扫描件\01安徽\6 定远县城发新材料科技项目土建部分\钢筋-龙源\2 汇旺-龙源 定远项目-钢筋采购补充审批表 393621.36元.pdf,2023-12-08 12:09:01.430093,文件无材料数据！
\\192.168.180.180\13.平台-财务\平台公司共享\1.汇旺物资\合同扫描件\01安徽\6 定远县城发新材料科技项目土建部分\商混-梦元\汇旺-梦元 定远项目-商混采购补充协议一审批表 2000305元（2022.05.18）.pdf,2023-12-08 12:09:13.054266,文件无材料数据！
\\192.168.180.180\13.平台-财务\平台公司共享\1.汇旺物资\合同扫描件\01安徽\6 定远县城发新材料科技项目土建部分\钢结构-鸿路\1 汇旺-鸿路 定远项目-钢结构采购履行完毕告知书 9239587.54元.pdf,2023-12-08 12:09:52.019435,文件无材料数据！
\\192.168.180.180\13.平台-财务\平台公司共享\1.汇旺物资\合同扫描件\01安徽\6 定远县城发新材料科技项目土建部分\信合源\汇旺-信合源 定远项目-材料采购补充协议 164615.5元（2022.03.12）.pdf,2023-12-08 12:10:44.714550,文件有材料数据，已写入数据库！
\\192.168.180.180\13.平台-财务\平台公司共享\1.汇旺物资\合同扫描件\01安徽\6 定远县城发新材料科技项目土建部分\钢结构-鸿路\汇旺-鸿路 定远项目-钢结构补充协议 7629.04元（2022.03.04）.pdf,2023-12-08 12:11:13.345767,文件无材料数据！
\\192.168.180.180\13.平台-财务\平台公司共享\1.汇旺物资\合同扫描件\01安徽\8 S260新合蚌路改建工程路灯照明土建部分项目\8-2 汇旺-恒泰 S260项目-路灯基础钢筋采购补充协议审批表.pdf,2023-12-08 12:11:16.351429,文件无材料数据！
\\192.168.180.180\13.平台-财务\平台公司共享\1.汇旺物资\合同扫描件\01安徽\6 定远县城发新材料科技项目土建部分\钢结构-鸿路\14 汇旺-鸿路 定远项目-钢结构采购补充审批表+协议 （2022.07.28）.pdf,2023-12-08 12:11:58.994797,文件无材料数据！
\\192.168.180.180\13.平台-财务\平台公司共享\1.汇旺物资\合同扫描件\01安徽\6 定远县城发新材料科技项目土建部分\井盖-千千阙\6-37 定远-千千阙 定远项目--井盖采购合同 155940元.pdf,2023-12-08 12:13:53.558313,文件有材料数据，已写入数据库！
\\192.168.180.180\13.平台-财务\平台公司共享\1.汇旺物资\合同扫描件\01安徽\8 S260新合蚌路改建工程路灯照明土建部分项目\8-3 汇旺-信合源 S260项目-材料采购合同 220万.pdf,2023-12-08 12:14:17.900074,文件无材料数据！
\\192.168.180.180\13.平台-财务\平台公司共享\1.汇旺物资\合同扫描件\01安徽\6 定远县城发新材料科技项目土建部分\幕墙材料、门窗-沪港\汇旺-沪港 定远项目-幕墙材料、门窗采购合同 2042448元.pdf,2023-12-08 12:14:46.933053,文件有材料数据，已写入数据库！
\\192.168.180.180\13.平台-财务\平台公司共享\1.汇旺物资\合同扫描件\01安徽\4 太和县2021年自然村通硬化路和联网路工程13标段施工\4-6 汇旺-鑫盛 太和县项目-模板采购合同 198000元.pdf,2023-12-08 12:15:26.555108,文件有材料数据，已写入数据库！
\\192.168.180.180\13.平台-财务\平台公司共享\1.汇旺物资\合同扫描件\01安徽\5 利辛县2021年老旧小区改造和平小区施工项目\中瓷万达陶瓷有限公司\5-3 汇旺-中瓷万达 利辛县项目-瓷砖采购合同 144000元.pdf,2023-12-08 12:16:19.001431,文件有材料数据，已写入数据库！
\\192.168.180.180\13.平台-财务\平台公司共享\1.汇旺物资\合同扫描件\01安徽\6 定远县城发新材料科技项目土建部分\商混-昆仑\6-5  汇旺-昆仑 定远项目-商品混凝土采购审批表+公司信息+合同 316400元.pdf,2023-12-08 12:16:22.588703,文件无材料数据！
\\192.168.180.180\13.平台-财务\平台公司共享\1.汇旺物资\合同扫描件\01安徽\4 太和县2021年自然村通硬化路和联网路工程13标段施工\4-1 汇旺-恒勇 太和县项目-水泥采购合同 1295000元.pdf,2023-12-08 12:17:52.881657,文件有材料数据，已写入数据库！
\\192.168.180.180\13.平台-财务\平台公司共享\1.汇旺物资\合同扫描件\01安徽\6 定远县城发新材料科技项目土建部分\商混-昆仑\6-5  汇旺-昆仑 定远项目-商混采购补充协议 2021340元（2022.05.18）.pdf,2023-12-08 12:18:02.337676,文件无材料数据！
\\192.168.180.180\13.平台-财务\平台公司共享\1.汇旺物资\合同扫描件\01安徽\3 濉溪康复病房综合楼工程\3-4 汇旺-盛世朝晖 濉溪项目-空调采购安装 760213.98元.pdf,2023-12-08 12:18:15.455623,文件有材料数据，已写入数据库！
\\192.168.180.180\13.平台-财务\平台公司共享\1.汇旺物资\合同扫描件\01安徽\6 定远县城发新材料科技项目土建部分\商混-昆仑\6-5  汇旺-昆仑 定远项目-商混采购补充审批表 2021340元（2022.05.18）.pdf,2023-12-08 12:20:25.967845,文件无材料数据！
\\192.168.180.180\13.平台-财务\平台公司共享\1.汇旺物资\合同扫描件\01安徽\9 G3京台高速公路双堆集互通立交工程（房建部分）\中骄\7 汇旺-中骄 G3-商品混凝土采购合同 208000元（调税）.pdf,2023-12-08 12:21:11.181312,文件无材料数据！
\\192.168.180.180\13.平台-财务\平台公司共享\1.汇旺物资\合同扫描件\01安徽\6 定远县城发新材料科技项目土建部分\彩钢卷-奥冠\49 汇旺-奥冠 定远项目-彩钢卷采购合同 6836200元.pdf,2023-12-08 12:21:14.148124,文件有材料数据，已写入数据库！
\\192.168.180.180\13.平台-财务\平台公司共享\1.汇旺物资\合同扫描件\01安徽\11 池州市2022年普通国省干线公路S234板桥危桥改造项目\黄山装配科技有限公司\2 汇旺-黄山 S234-预制梁板采购合同审批表 2297100元.pdf,2023-12-08 12:21:16.327067,文件有材料数据，已写入数据库！
\\192.168.180.180\13.平台-财务\平台公司共享\1.汇旺物资\合同扫描件\01安徽\9 G3京台高速公路双堆集互通立交工程（房建部分）\宿州市安彩装饰材料有限公司\16 汇旺-安彩 G3-石膏板、吊顶采购合同 104299元.pdf,2023-12-08 12:21:29.659795,文件有材料数据，已写入数据库！
\\192.168.180.180\13.平台-财务\平台公司共享\1.汇旺物资\合同扫描件\01安徽\6 定远县城发新材料科技项目土建部分\钢结构-鸿路\6-1  汇旺-鸿路 定远项目-钢结构采购合同 10134262元.pdf,2023-12-08 12:22:04.116467,文件无材料数据！
\\192.168.180.180\13.平台-财务\平台公司共享\1.汇旺物资\合同扫描件\01安徽\9 G3京台高速公路双堆集互通立交工程（房建部分）\泗赢\8 汇旺-泗赢 G3项目-铝合金窗材料采购合同发票、合格证、供货单 499980元.pdf,2023-12-08 12:22:25.785306,文件无材料数据！
\\192.168.180.180\13.平台-财务\平台公司共享\1.汇旺物资\合同扫描件\01安徽\9 G3京台高速公路双堆集互通立交工程（房建部分）\钢筋-润宁\1 汇旺-润宁 G3项目-钢筋采购审批表+公司信息+合同 1259120元.pdf,2023-12-08 12:22:38.667687,文件有材料数据，已写入数据库！
\\192.168.180.180\13.平台-财务\平台公司共享\1.汇旺物资\合同扫描件\01安徽\4 太和县2021年自然村通硬化路和联网路工程13标段施工\4-10 汇旺-泰赛 太和县项目-护栏采购合同 266844.3元.pdf,2023-12-08 12:23:14.568500,文件有材料数据，已写入数据库！
\\192.168.180.180\13.平台-财务\平台公司共享\1.汇旺物资\合同扫描件\01安徽\9 G3京台高速公路双堆集互通立交工程（房建部分）\信合源\10 汇旺-信合源 G3-外墙漆采购合同 35万.pdf,2023-12-08 12:24:26.937142,文件有材料数据，已写入数据库！
\\192.168.180.180\13.平台-财务\平台公司共享\1.汇旺物资\合同扫描件\01安徽\9 G3京台高速公路双堆集互通立交工程（房建部分）\宿州市安彩装饰材料有限公司\16 汇旺-安彩 G3-石膏板、吊顶采购合同审批表 104299元.pdf,2023-12-08 12:25:29.258467,文件有材料数据，已写入数据库！
\\192.168.180.180\13.平台-财务\平台公司共享\1.汇旺物资\合同扫描件\01安徽\9 G3京台高速公路双堆集互通立交工程（房建部分）\信合源\14 汇旺-信合源 G3-水泥采购合同 284123.5元.pdf,2023-12-08 12:27:29.591493,文件有材料数据，已写入数据库！
\\192.168.180.180\13.平台-财务\平台公司共享\1.汇旺物资\合同扫描件\01安徽\6 定远县城发新材料科技项目土建部分\旗杆-玖禾金属\60 汇旺-玖禾金属 定远项目-旗杆采购审批表+公司信息+合同 10782.4元.pdf,2023-12-08 12:27:52.604003,文件有材料数据，已写入数据库！
\\192.168.180.180\13.平台-财务\平台公司共享\1.汇旺物资\合同扫描件\01安徽\9 G3京台高速公路双堆集互通立交工程（房建部分）\宿州市琪伟商贸有限公司\13 汇旺-琪伟 G3-外墙漆采购合同 35万.pdf,2023-12-08 12:28:04.285381,文件有材料数据，已写入数据库！
\\192.168.180.180\13.平台-财务\平台公司共享\1.汇旺物资\合同扫描件\01安徽\9 G3京台高速公路双堆集互通立交工程（房建部分）\信合源\15 汇旺- 信合源 G3-沥青混凝土采购合同 219000元.pdf,2023-12-08 12:30:12.204638,文件有材料数据，已写入数据库！
\\192.168.180.180\13.平台-财务\平台公司共享\1.汇旺物资\合同扫描件\01安徽\9 G3京台高速公路双堆集互通立交工程（房建部分）\宿州市琪伟商贸有限公司\13 汇旺-琪伟 G3-外墙漆采购合同审批表 35万.pdf,2023-12-08 12:31:24.816846,文件有材料数据，已写入数据库！
\\192.168.180.180\13.平台-财务\平台公司共享\1.汇旺物资\合同扫描件\01安徽\5 利辛县2021年老旧小区改造和平小区施工项目\利辛县皖通商砼有限公司\5-1 汇旺-皖通 利辛县项目-商品混凝土采购补充协议 394800元.pdf,2023-12-08 12:36:13.577160,文件有材料数据，已写入数据库！
\\192.168.180.180\13.平台-财务\平台公司共享\1.汇旺物资\合同扫描件\01安徽\6 定远县城发新材料科技项目土建部分\信合源\46 汇旺-信合源 定远-地砖采购补充协议 80340元.pdf,2023-12-08 12:36:25.848104,文件有材料数据，已写入数据库！
\\192.168.180.180\13.平台-财务\平台公司共享\1.汇旺物资\合同扫描件\01安徽\10 2021年中央财政湿地保护资金项目-栖息地改造工程\信合源\19 汇旺-信合源 栖息地-混凝土采购补充协议一 7254元.pdf,2023-12-08 12:36:37.649217,文件有材料数据，已写入数据库！
\\192.168.180.180\13.平台-财务\平台公司共享\1.汇旺物资\合同扫描件\01安徽\10 2021年中央财政湿地保护资金项目-栖息地改造工程\信合源\10 汇旺-信合源 栖息地项目-管材及配件补充协议 10876.8元（2022.07.19）.pdf,2023-12-08 12:36:41.159781,文件有材料数据，已写入数据库！
\\192.168.180.180\13.平台-财务\平台公司共享\1.汇旺物资\合同扫描件\01安徽\5 利辛县2021年老旧小区改造和平小区施工项目\安徽富鑫路面工程有限公司\5-4 汇旺-富鑫 利辛县项目-沥青混凝土采购补充协议一 1076350.8元.pdf,2023-12-08 12:36:46.137579,文件有材料数据，已写入数据库！
\\192.168.180.180\13.平台-财务\平台公司共享\1.汇旺物资\合同扫描件\01安徽\5 利辛县2021年老旧小区改造和平小区施工项目\利辛县皖通商砼有限公司\5-1 汇旺-皖通 利辛县项目-商品混凝土采购补充协议审批表 394800元.pdf,2023-12-08 12:36:52.024999,文件无材料数据！
\\192.168.180.180\13.平台-财务\平台公司共享\1.汇旺物资\合同扫描件\01安徽\6 定远县城发新材料科技项目土建部分\信合源\55 汇旺-信合源 定远项目-商品混凝土补充协议一 2000305元（2022.05.23）.pdf,2023-12-08 12:38:09.722709,文件无材料数据！
\\192.168.180.180\13.平台-财务\平台公司共享\1.汇旺物资\合同扫描件\01安徽\5 利辛县2021年老旧小区改造和平小区施工项目\安徽富鑫路面工程有限公司\5-4 汇旺-富鑫 利辛县项目-沥青混凝土采购补充协议二 8919.15元.pdf,2023-12-08 12:38:46.315384,文件有材料数据，已写入数据库！
\\192.168.180.180\13.平台-财务\平台公司共享\1.汇旺物资\合同扫描件\01安徽\6 定远县城发新材料科技项目土建部分\信合源\55 汇旺-信合源 定远项目-商品混凝土补充协议二 1113140元.pdf,2023-12-08 12:40:32.931053,文件有材料数据，已写入数据库！
\\192.168.180.180\13.平台-财务\平台公司共享\1.汇旺物资\合同扫描件\01安徽\4 太和县2021年自然村通硬化路和联网路工程13标段施工\4-3 汇旺-昱盛 太和县项目-水泥采购合同 460100元.pdf,2023-12-08 12:40:53.685587,文件有材料数据，已写入数据库！
\\192.168.180.180\13.平台-财务\平台公司共享\1.汇旺物资\合同扫描件\01安徽\5 利辛县2021年老旧小区改造和平小区施工项目\安徽富鑫路面工程有限公司\5-4 汇旺-富鑫 利辛县项目-沥青混凝土采购补充协议二审批表 8919.15元.pdf,2023-12-08 12:41:31.605973,文件有材料数据，已写入数据库！
\\192.168.180.180\13.平台-财务\平台公司共享\1.汇旺物资\合同扫描件\01安徽\10 2021年中央财政湿地保护资金项目-栖息地改造工程\信合源\8 汇旺-信合源 栖息地项目-板材采购合同66750元.pdf,2023-12-08 12:42:36.649651,文件有材料数据，已写入数据库！
\\192.168.180.180\13.平台-财务\平台公司共享\1.汇旺物资\合同扫描件\01安徽\6 定远县城发新材料科技项目土建部分\信合源\61 汇旺-信合源 定远项目-防水材料采购合同 109000元.pdf,2023-12-08 12:42:39.674969,文件有材料数据，已写入数据库！
\\192.168.180.180\13.平台-财务\平台公司共享\1.汇旺物资\合同扫描件\01安徽\5 利辛县2021年老旧小区改造和平小区施工项目\信合源\15 汇旺-信合源 利辛县项目-外墙真石漆采购合同 688072元.pdf,2023-12-08 12:43:03.995308,文件有材料数据，已写入数据库！
\\192.168.180.180\13.平台-财务\平台公司共享\1.汇旺物资\合同扫描件\01安徽\4 太和县2021年自然村通硬化路和联网路工程13标段施工\4-7 汇旺-茂宏 太和县项目- 熟石灰采购合同 146775元.pdf,2023-12-08 12:43:11.719383,文件有材料数据，已写入数据库！
\\192.168.180.180\13.平台-财务\平台公司共享\1.汇旺物资\合同扫描件\01安徽\1 临泉县2020年高标农田建设项目五标段\1-4 汇旺-美临 临泉项目-苗木采购合同 259680元.pdf,2023-12-08 12:43:25.883786,文件有材料数据，已写入数据库！
\\192.168.180.180\13.平台-财务\平台公司共享\1.汇旺物资\合同扫描件\01安徽\5 利辛县2021年老旧小区改造和平小区施工项目\安徽汉克交通设施有限责任公司\5-7 汇旺-汉克 利辛县项目-铸铁井盖采购合同 258088元.pdf,2023-12-08 12:43:40.626628,文件有材料数据，已写入数据库！
\\192.168.180.180\13.平台-财务\平台公司共享\1.汇旺物资\合同扫描件\01安徽\2 金安区淠东乡淠东初中教师周转宿舍项目\2-3 汇旺-保诚 金安区项目-匀质改性防火保温板采购合同 69000元.pdf,2023-12-08 12:43:49.097417,文件有材料数据，已写入数据库！
\\192.168.180.180\13.平台-财务\平台公司共享\1.汇旺物资\合同扫描件\01安徽\3 濉溪康复病房综合楼工程\3-14 汇旺-清涟 濉溪项目-大理石采购合同 195257元.pdf,2023-12-08 12:43:54.788756,文件有材料数据，已写入数据库！
\\192.168.180.180\13.平台-财务\平台公司共享\1.汇旺物资\合同扫描件\01安徽\4 太和县2021年自然村通硬化路和联网路工程13标段施工\4-7 汇旺-茂宏 太和县项目-熟石灰采购合同审批表 146775元.pdf,2023-12-08 12:44:02.309521,文件无材料数据！
\\192.168.180.180\13.平台-财务\平台公司共享\1.汇旺物资\合同扫描件\01安徽\6 定远县城发新材料科技项目土建部分\信合源\68 汇旺-信合源 定远-砖采购合同 98231元.pdf,2023-12-08 12:44:26.023199,文件有材料数据，已写入数据库！
\\192.168.180.180\13.平台-财务\平台公司共享\1.汇旺物资\合同扫描件\01安徽\4 太和县2021年自然村通硬化路和联网路工程13标段施工\4-3 汇旺-昱盛 太和县项目-水泥采购补充协议+审批表 200900元.pdf,2023-12-08 12:44:56.849518,文件有材料数据，已写入数据库！
\\192.168.180.180\13.平台-财务\平台公司共享\1.汇旺物资\合同扫描件\01安徽\6 定远县城发新材料科技项目土建部分\井盖-千千阙\6-37 汇旺-千千阙 定远项目-井盖采购补充协议审批表+合同 23846元（2022.06.24）.pdf,2023-12-08 12:45:09.525556,文件有材料数据，已写入数据库！
\\192.168.180.180\13.平台-财务\平台公司共享\1.汇旺物资\合同扫描件\01安徽\3 濉溪康复病房综合楼工程\3-6 汇旺-万诺 濉溪项目-地板砖采购 241048元.pdf,2023-12-08 12:45:12.268548,文件有材料数据，已写入数据库！
\\192.168.180.180\13.平台-财务\平台公司共享\1.汇旺物资\合同扫描件\01安徽\10 2021年中央财政湿地保护资金项目-栖息地改造工程\宣城先达建设工程有限公司\33 汇旺-先达 栖息地-沥青、水稳采购合同审批表 388750元.pdf,2023-12-08 12:45:12.784787,文件有材料数据，已写入数据库！
\\192.168.180.180\13.平台-财务\平台公司共享\1.汇旺物资\合同扫描件\01安徽\6 定远县城发新材料科技项目土建部分\信合源\汇旺-信合源 定远项目-钢筋采购补充协议 39618.33元（2022.01.25）.pdf,2023-12-08 12:45:31.323188,文件有材料数据，已写入数据库！
\\192.168.180.180\13.平台-财务\平台公司共享\1.汇旺物资\合同扫描件\01安徽\4 太和县2021年自然村通硬化路和联网路工程13标段施工\4-8 汇旺-高路 太和县项目-密封胶合同审批表+企业资质 13000元.pdf,2023-12-08 12:45:38.516943,文件无材料数据！
\\192.168.180.180\13.平台-财务\平台公司共享\1.汇旺物资\合同扫描件\01安徽\10 2021年中央财政湿地保护资金项目-栖息地改造工程\聚乙烯薄膜-恒阳\24 汇旺-恒阳 栖息地-聚乙烯薄膜采购合同审批表 19950元.pdf,2023-12-08 12:45:49.169081,文件有材料数据，已写入数据库！
\\192.168.180.180\13.平台-财务\平台公司共享\1.汇旺物资\合同扫描件\01安徽\5 利辛县2021年老旧小区改造和平小区施工项目\安徽富鑫路面工程有限公司\5-4 汇旺-富鑫 利辛县项目-沥青混凝土采购合同 1075350元.pdf,2023-12-08 12:46:04.560856,文件有材料数据，已写入数据库！
\\192.168.180.180\13.平台-财务\平台公司共享\1.汇旺物资\合同扫描件\01安徽\6 定远县城发新材料科技项目土建部分\商混-昆仑\6-5  汇旺-昆仑 定远项目-混凝土采购补充协议 1009590元（2022.04.10）.pdf,2023-12-08 12:46:59.729010,文件有材料数据，已写入数据库！
\\192.168.180.180\13.平台-财务\平台公司共享\1.汇旺物资\合同扫描件\01安徽\3 濉溪康复病房综合楼工程\3-6 汇旺-万诺 濉溪项目-地板砖采购补充协议 82280元.pdf,2023-12-08 12:47:44.224511,文件有材料数据，已写入数据库！
\\192.168.180.180\13.平台-财务\平台公司共享\1.汇旺物资\合同扫描件\01安徽\6 定远县城发新材料科技项目土建部分\信合源\汇旺-信合源 定远项目-钢筋采购补充协议 92846.4元（2022.02.27）.pdf,2023-12-08 12:47:50.113223,文件有材料数据，已写入数据库！
\\192.168.180.180\13.平台-财务\平台公司共享\1.汇旺物资\合同扫描件\01安徽\6 定远县城发新材料科技项目土建部分\信合源\56 汇旺-信合源 定远项目-商品混凝土采购合同 1040000元.pdf,2023-12-08 12:47:55.728697,文件无材料数据！
\\192.168.180.180\13.平台-财务\平台公司共享\1.汇旺物资\合同扫描件\01安徽\6 定远县城发新材料科技项目土建部分\商混-梦元\38 汇旺-梦元 定远项目-商混采购补充协议二 1113140元.pdf,2023-12-08 12:48:07.859609,文件有材料数据，已写入数据库！
\\192.168.180.180\13.平台-财务\平台公司共享\1.汇旺物资\合同扫描件\01安徽\6 定远县城发新材料科技项目土建部分\信合源\72 汇旺-信合源定远分公司 定远-商品混凝土采购合同100288.5元.pdf,2023-12-08 12:49:19.863221,文件有材料数据，已写入数据库！
\\192.168.180.180\13.平台-财务\平台公司共享\1.汇旺物资\合同扫描件\01安徽\6 定远县城发新材料科技项目土建部分\商混-昆仑\6-5  汇旺-昆仑 定远项目-混凝土采购补充审批表 1009590元（2022.04.10）.pdf,2023-12-08 12:49:41.394026,文件有材料数据，已写入数据库！
\\192.168.180.180\13.平台-财务\平台公司共享\1.汇旺物资\合同扫描件\01安徽\6 定远县城发新材料科技项目土建部分\信合源\11 汇旺-信合源 定远项目-材料采购补充协议 144421.99+2021340.00（2022.03.02、2022.05.23）.pdf,2023-12-08 12:49:56.994954,文件无材料数据！
\\192.168.180.180\13.平台-财务\平台公司共享\1.汇旺物资\合同扫描件\01安徽\6 定远县城发新材料科技项目土建部分\信合源\汇旺-信合源 定远项目-岩棉板采购合同 33w.pdf,2023-12-08 12:50:18.734573,文件有材料数据，已写入数据库！
\\192.168.180.180\13.平台-财务\平台公司共享\1.汇旺物资\合同扫描件\01安徽\5 利辛县2021年老旧小区改造和平小区施工项目\安徽新干线路桥工程有限公司\5-9 汇旺-新干线 利辛县项目-沥青混凝土采购合同 117600元.pdf,2023-12-08 12:50:19.205001,文件有材料数据，已写入数据库！
\\192.168.180.180\13.平台-财务\平台公司共享\1.汇旺物资\合同扫描件\01安徽\6 定远县城发新材料科技项目土建部分\商混-梦元\38 汇旺-梦元 定远项目-商混采购补充协议二审批表 1113140元.pdf,2023-12-08 12:50:45.466784,文件有材料数据，已写入数据库！
\\192.168.180.180\13.平台-财务\平台公司共享\1.汇旺物资\合同扫描件\01安徽\5 利辛县2021年老旧小区改造和平小区施工项目\利辛县宏伟建材有限公司\5-5 汇旺-宏伟 利辛县项目-仿石砖采购合同 21w.pdf,2023-12-08 12:50:54.973294,文件无材料数据！
\\192.168.180.180\13.平台-财务\平台公司共享\1.汇旺物资\合同扫描件\01安徽\6 定远县城发新材料科技项目土建部分\信合源\62 汇旺-信合源 定远项目-检查井采购合同 12600元.pdf,2023-12-08 12:50:55.249195,文件有材料数据，已写入数据库！
\\192.168.180.180\13.平台-财务\平台公司共享\1.汇旺物资\合同扫描件\01安徽\6 定远县城发新材料科技项目土建部分\信合源\汇旺-信合源 定远项目-路缘石、花岗石采购合同 328781.19元.pdf,2023-12-08 12:51:26.147499,文件有材料数据，已写入数据库！
\\192.168.180.180\13.平台-财务\平台公司共享\1.汇旺物资\合同扫描件\01安徽\5 利辛县2021年老旧小区改造和平小区施工项目\安徽韵通塑业科技有限公司\5-2 汇旺-韵通 利辛县项目-钢带波纹管采购合同 376400元.pdf,2023-12-08 12:51:40.854262,文件无材料数据！
\\192.168.180.180\13.平台-财务\平台公司共享\1.汇旺物资\合同扫描件\01安徽\6 定远县城发新材料科技项目土建部分\商混-昆仑\6-5 汇旺-昆仑 定远-商品混凝土采购合同补充协议三 67420元.pdf,2023-12-08 12:52:05.239531,文件无材料数据！
\\192.168.180.180\13.平台-财务\平台公司共享\1.汇旺物资\合同扫描件\01安徽\2 金安区淠东乡淠东初中教师周转宿舍项目\2-4 汇旺-启腾 金安区项目-瓦采购合同 22420元.pdf,2023-12-08 12:52:16.418212,文件有材料数据，已写入数据库！
\\192.168.180.180\13.平台-财务\平台公司共享\1.汇旺物资\合同扫描件\01安徽\10 2021年中央财政湿地保护资金项目-栖息地改造工程\木方-力达\10-4-2 汇旺-力达木业 栖息地项目-木方采购合同 65034元.pdf,2023-12-08 12:52:46.993853,文件有材料数据，已写入数据库！
\\192.168.180.180\13.平台-财务\平台公司共享\1.汇旺物资\合同扫描件\01安徽\3 濉溪康复病房综合楼工程\3-15 汇旺-绿宝 濉溪项目-电线电缆采购合同 88596元.pdf,2023-12-08 12:52:59.968738,文件无材料数据！
\\192.168.180.180\13.平台-财务\平台公司共享\1.汇旺物资\合同扫描件\01安徽\5 利辛县2021年老旧小区改造和平小区施工项目\安徽韵通塑业科技有限公司\5-2 汇旺-韵通 利辛县项目-钢带波纹管采购合同审批表+企业资质  376400元.pdf,2023-12-08 12:53:19.435107,文件无材料数据！
\\192.168.180.180\13.平台-财务\平台公司共享\1.汇旺物资\合同扫描件\01安徽\6 定远县城发新材料科技项目土建部分\商混-昆仑\6-5 汇旺-昆仑 定远-商品混凝土采购合同补充协议三审批表 67420元.pdf,2023-12-08 12:54:39.412108,文件有材料数据，已写入数据库！
\\192.168.180.180\13.平台-财务\平台公司共享\1.汇旺物资\合同扫描件\01安徽\6 定远县城发新材料科技项目土建部分\钢筋-意隆\6-3  汇旺-意隆 定远项目-钢筋采购补充协议三 473976.49元（2021.12.02）.pdf,2023-12-08 12:55:06.044659,文件有材料数据，已写入数据库！
\\192.168.180.180\13.平台-财务\平台公司共享\1.汇旺物资\合同扫描件\01安徽\10 2021年中央财政湿地保护资金项目-栖息地改造工程\路灯-博阳\27 汇旺-博阳光电 栖息地-路灯采购合同 14245元.pdf,2023-12-08 12:55:10.687048,文件有材料数据，已写入数据库！
\\192.168.180.180\13.平台-财务\平台公司共享\1.汇旺物资\合同扫描件\01安徽\4 太和县2021年自然村通硬化路和联网路工程13标段施工\4-8 汇旺-高路 太和县项目-密封胶采购合同 13000元.pdf,2023-12-08 12:55:14.168156,文件有材料数据，已写入数据库！
\\192.168.180.180\13.平台-财务\平台公司共享\1.汇旺物资\合同扫描件\01安徽\6 定远县城发新材料科技项目土建部分\钢筋-家庆\汇旺-家庆 定远项目-钢筋采购补充审批表 92846.4元（2022.03.05）.pdf,2023-12-08 12:55:16.734727,文件有材料数据，已写入数据库！
\\192.168.180.180\13.平台-财务\平台公司共享\1.汇旺物资\合同扫描件\01安徽\6 定远县城发新材料科技项目土建部分\化粪池隔油池-梵融\汇旺-梵融 定远项目-化粪池隔油池采购合同 20900元.pdf,2023-12-08 12:55:30.340561,文件无材料数据！
\\192.168.180.180\13.平台-财务\平台公司共享\1.汇旺物资\合同扫描件\01安徽\6 定远县城发新材料科技项目土建部分\围墙护栏-千帆\6-8  汇旺-千帆 定远项目-围墙护栏采购审批表+公司信息+合同 199274.48元.pdf,2023-12-08 12:57:03.103016,文件有材料数据，已写入数据库！
\\192.168.180.180\13.平台-财务\平台公司共享\1.汇旺物资\合同扫描件\01安徽\6 定远县城发新材料科技项目土建部分\钢筋-意隆\汇旺-意隆 定远项目-钢筋补充协议审批表 144421.99元（2022.03.10）.pdf,2023-12-08 12:57:11.555924,文件有材料数据，已写入数据库！
\\192.168.180.180\13.平台-财务\平台公司共享\1.汇旺物资\合同扫描件\01安徽\6 定远县城发新材料科技项目土建部分\信合源\汇旺-信合源 定远项目-化粪池隔油池采购合同 20900元.pdf,2023-12-08 12:57:13.493039,文件有材料数据，已写入数据库！
\\192.168.180.180\13.平台-财务\平台公司共享\1.汇旺物资\合同扫描件\01安徽\6 定远县城发新材料科技项目土建部分\钢筋-意隆\6-3  汇旺-意隆 定远项目-钢筋采购补充协议二 353307.23元（2021.11.15）.pdf,2023-12-08 12:57:27.208965,文件有材料数据，已写入数据库！
\\192.168.180.180\13.平台-财务\平台公司共享\1.汇旺物资\合同扫描件\01安徽\6 定远县城发新材料科技项目土建部分\信合源\汇旺-信合源 定远项目-幕墙材料、门窗采购合同 2042448元.pdf,2023-12-08 12:58:03.579883,文件无材料数据！
\\192.168.180.180\13.平台-财务\平台公司共享\1.汇旺物资\合同扫描件\01安徽\6 定远县城发新材料科技项目土建部分\地砖-从为\48 汇旺-从为 定远项目-地砖采购 166345元.pdf,2023-12-08 12:58:25.871873,文件有材料数据，已写入数据库！
\\192.168.180.180\13.平台-财务\平台公司共享\1.汇旺物资\合同扫描件\01安徽\6 定远县城发新材料科技项目土建部分\信合源\25 汇旺-信合源 定远项目-井盖采购 155940元.pdf,2023-12-08 12:58:25.942638,文件有材料数据，已写入数据库！
\\192.168.180.180\13.平台-财务\平台公司共享\1.汇旺物资\合同扫描件\01安徽\6 定远县城发新材料科技项目土建部分\信合源\63 汇旺-信合源 定远项目-旗杆采购合同 10782.4元.pdf,2023-12-08 12:58:35.484914,文件有材料数据，已写入数据库！
\\192.168.180.180\13.平台-财务\平台公司共享\1.汇旺物资\合同扫描件\01安徽\6 定远县城发新材料科技项目土建部分\钢筋-意隆\汇旺-意隆 定远项目-钢筋补充协议 144421.99元（2022.03.10）.pdf,2023-12-08 12:58:53.613111,文件有材料数据，已写入数据库！
\\192.168.180.180\13.平台-财务\平台公司共享\1.汇旺物资\合同扫描件\01安徽\6 定远县城发新材料科技项目土建部分\信合源\汇旺-信合源 定远项目-钢筋采购合同 220350.6元.pdf,2023-12-08 12:58:55.686869,文件有材料数据，已写入数据库！
\\192.168.180.180\13.平台-财务\平台公司共享\1.汇旺物资\合同扫描件\01安徽\6 定远县城发新材料科技项目土建部分\钢筋-意隆\汇旺-意隆 定远项目-钢筋补充协议审批表 1464615.5元（2022.03.18）.pdf,2023-12-08 12:59:38.798260,文件有材料数据，已写入数据库！
\\192.168.180.180\13.平台-财务\平台公司共享\1.汇旺物资\合同扫描件\01安徽\3 濉溪康复病房综合楼工程\3-7 汇旺-正德 濉溪项目-砂采购 199980元.pdf,2023-12-08 12:59:47.593227,文件有材料数据，已写入数据库！
\\192.168.180.180\13.平台-财务\平台公司共享\1.汇旺物资\合同扫描件\01安徽\6 定远县城发新材料科技项目土建部分\砖-明友\9  汇旺-明友 定远项目- 砖采购审批表+开户信息+合同 282316.66元.pdf,2023-12-08 13:00:19.114731,文件有材料数据，已写入数据库！
\\192.168.180.180\13.平台-财务\平台公司共享\1.汇旺物资\合同扫描件\01安徽\6 定远县城发新材料科技项目土建部分\地砖-从为\48 汇旺-从为 定远-地砖采购补充协议+审批表 80340元（2022.08.15）.pdf,2023-12-08 13:00:28.987224,文件有材料数据，已写入数据库！
\\192.168.180.180\13.平台-财务\平台公司共享\1.汇旺物资\合同扫描件\01安徽\6 定远县城发新材料科技项目土建部分\钢筋-意隆\汇旺-意隆 定远项目-钢筋补充协议 1464615.5元（2022.03.18）.pdf,2023-12-08 13:00:33.020351,文件有材料数据，已写入数据库！
\\192.168.180.180\13.平台-财务\平台公司共享\1.汇旺物资\合同扫描件\01安徽\6 定远县城发新材料科技项目土建部分\商混-梦元\汇旺-梦元 定远项目-商品混凝土采购合同 104w.pdf,2023-12-08 13:01:06.913979,文件无材料数据！
\\192.168.180.180\13.平台-财务\平台公司共享\1.汇旺物资\合同扫描件\01安徽\6 定远县城发新材料科技项目土建部分\生态护坡砖-文涛\73 汇旺-文涛 定远-生态护坡砖采购合同审批表 78600元.pdf,2023-12-08 13:01:37.251740,文件有材料数据，已写入数据库！
\\192.168.180.180\13.平台-财务\平台公司共享\1.汇旺物资\合同扫描件\01安徽\6 定远县城发新材料科技项目土建部分\信合源\25 汇旺-信合源 定远项目-井盖采购补充协议 23846元（2022.06.17）.pdf,2023-12-08 13:01:46.947591,文件有材料数据，已写入数据库！
\\192.168.180.180\13.平台-财务\平台公司共享\1.汇旺物资\合同扫描件\01安徽\5 利辛县2021年老旧小区改造和平小区施工项目\福建泉州市德瑞斯膜结构工程有限公司\5-8 汇旺-德瑞斯膜 利辛县项目-非机动车停车棚采购合同 154006元.pdf,2023-12-08 13:02:06.285107,文件有材料数据，已写入数据库！
\\192.168.180.180\13.平台-财务\平台公司共享\1.汇旺物资\合同扫描件\01安徽\6 定远县城发新材料科技项目土建部分\砖-明友\9  汇旺-明友 定远项目- 砖采购补充协议 98231元.pdf,2023-12-08 13:02:13.219821,文件有材料数据，已写入数据库！
\\192.168.180.180\13.平台-财务\平台公司共享\1.汇旺物资\合同扫描件\01安徽\6 定远县城发新材料科技项目土建部分\钢筋-升通\汇旺-升通 定远项目-钢筋采购审批表+公司信息+合同 484955.47元.pdf,2023-12-08 13:02:42.133025,文件有材料数据，已写入数据库！
\\192.168.180.180\13.平台-财务\平台公司共享\1.汇旺物资\合同扫描件\01安徽\8 S260新合蚌路改建工程路灯照明土建部分项目\8-1 汇旺-砼品 S260项目-混凝土采购合同 883850元.pdf,2023-12-08 13:03:35.088080,文件有材料数据，已写入数据库！
\\192.168.180.180\13.平台-财务\平台公司共享\1.汇旺物资\合同扫描件\01安徽\6 定远县城发新材料科技项目土建部分\钢筋-意隆\6-3  汇旺-意隆 定远项目-钢筋采购合同 777015.3元.pdf,2023-12-08 13:04:43.233388,文件有材料数据，已写入数据库！
\\192.168.180.180\13.平台-财务\平台公司共享\1.汇旺物资\合同扫描件\01安徽\6 定远县城发新材料科技项目土建部分\砖-明友\9  汇旺-明友 定远项目- 砖采购补充协议审批表 98231元.pdf,2023-12-08 13:04:51.028051,文件有材料数据，已写入数据库！
\\192.168.180.180\13.平台-财务\平台公司共享\1.汇旺物资\合同扫描件\01安徽\6 定远县城发新材料科技项目土建部分\防水材料-女神\64 汇旺-定远 女神-防水材料采购合同 109000元.pdf,2023-12-08 13:05:14.923052,文件有材料数据，已写入数据库！
\\192.168.180.180\13.平台-财务\平台公司共享\1.汇旺物资\合同扫描件\01安徽\6 定远县城发新材料科技项目土建部分\钢筋-升通\汇旺-升通 定远项目-钢筋采购补充审批表+补充协议 218277.3元（2022.02.20）.pdf,2023-12-08 13:05:15.485172,文件有材料数据，已写入数据库！
\\192.168.180.180\13.平台-财务\平台公司共享\1.汇旺物资\合同扫描件\01安徽\6 定远县城发新材料科技项目土建部分\信合源\汇旺-信合源 定远项目-彩钢卷采购合同 6836200元.pdf,2023-12-08 13:05:29.945153,文件有材料数据，已写入数据库！
\\192.168.180.180\13.平台-财务\平台公司共享\1.汇旺物资\合同扫描件\01安徽\6 定远县城发新材料科技项目土建部分\信合源\汇旺-信合源 定远项目-地砖采购 166203.2元.pdf,2023-12-08 13:05:42.838606,文件有材料数据，已写入数据库！
\\192.168.180.180\13.平台-财务\平台公司共享\1.汇旺物资\合同扫描件\01安徽\8 S260新合蚌路改建工程路灯照明土建部分项目\8-1 汇旺-砼品 S260项目-混凝土采购补充协议 220445.5元.pdf,2023-12-08 13:05:57.397676,文件有材料数据，已写入数据库！
\\192.168.180.180\13.平台-财务\平台公司共享\1.汇旺物资\合同扫描件\01安徽\6 定远县城发新材料科技项目土建部分\信合源\66 汇旺-信合源 定远项目-砂采购合同255000元.pdf,2023-12-08 13:06:48.369911,文件有材料数据，已写入数据库！
\\192.168.180.180\13.平台-财务\平台公司共享\1.汇旺物资\合同扫描件\01安徽\6 定远县城发新材料科技项目土建部分\信合源\汇旺-信合源 定远项目-材料补充协议 350w（2021.08.29）.pdf,2023-12-08 13:06:57.630416,文件无材料数据！
\\192.168.180.180\13.平台-财务\平台公司共享\1.汇旺物资\合同扫描件\01安徽\6 定远县城发新材料科技项目土建部分\商混-双龙\4 汇旺-双龙 定远项目-商品混凝土审批表+采购合同 4779662.5元.pdf,2023-12-08 13:07:11.896896,文件无材料数据！
\\192.168.180.180\13.平台-财务\平台公司共享\1.汇旺物资\合同扫描件\01安徽\6 定远县城发新材料科技项目土建部分\信合源\汇旺-信合源 定远项目-钢筋采购合同 484955.47元.pdf,2023-12-08 13:07:40.460364,文件有材料数据，已写入数据库！
\\192.168.180.180\13.平台-财务\平台公司共享\1.汇旺物资\合同扫描件\01安徽\6 定远县城发新材料科技项目土建部分\钢筋-升通\汇旺-升通 定远项目-钢筋采购补充审批表+补充协议 39618.33元（2022.02.01）.pdf,2023-12-08 13:08:09.113748,文件有材料数据，已写入数据库！
\\192.168.180.180\13.平台-财务\平台公司共享\1.汇旺物资\合同扫描件\01安徽\6 定远县城发新材料科技项目土建部分\钢筋-龙源\2 汇旺-龙源 定远项目-钢筋采购合同 412529.53元.pdf,2023-12-08 13:08:13.923232,文件有材料数据，已写入数据库！
\\192.168.180.180\13.平台-财务\平台公司共享\1.汇旺物资\合同扫描件\01安徽\9 G3京台高速公路双堆集互通立交工程（房建部分）\信合源\17 汇旺-信合源 G3-石膏板、吊顶采购合同 104299元.pdf,2023-12-08 13:08:29.476721,文件有材料数据，已写入数据库！
\\192.168.180.180\13.平台-财务\平台公司共享\1.汇旺物资\合同扫描件\01安徽\8 S260新合蚌路改建工程路灯照明土建部分项目\8-4 汇旺-信联 S260项目-钢筋、锚板采购合同 344350元.pdf,2023-12-08 13:08:34.635668,文件有材料数据，已写入数据库！
\\192.168.180.180\13.平台-财务\平台公司共享\1.汇旺物资\合同扫描件\01安徽\9 G3京台高速公路双堆集互通立交工程（房建部分）\信合源\5 汇旺-信合源 G3项目-石子购销合同 181350元.pdf,2023-12-08 13:08:46.278475,文件有材料数据，已写入数据库！
\\192.168.180.180\13.平台-财务\平台公司共享\1.汇旺物资\合同扫描件\01安徽\8 S260新合蚌路改建工程路灯照明土建部分项目\8-5 汇旺-信合源 S260项目-材料采购合同补充协议 165395元.pdf,2023-12-08 13:09:13.566722,文件无材料数据！
\\192.168.180.180\13.平台-财务\平台公司共享\1.汇旺物资\合同扫描件\01安徽\6 定远县城发新材料科技项目土建部分\定远县鑫业新材料有限公司\75 汇旺-鑫业 定远-商品混凝土采购合同 100288.5元.pdf,2023-12-08 13:09:25.926080,文件有材料数据，已写入数据库！
\\192.168.180.180\13.平台-财务\平台公司共享\1.汇旺物资\合同扫描件\01安徽\6 定远县城发新材料科技项目土建部分\信合源\汇旺-信合源 定远项目-钢筋采购补充协议 218277.3元（2022.02.15）.pdf,2023-12-08 13:09:25.970929,文件有材料数据，已写入数据库！
\\192.168.180.180\13.平台-财务\平台公司共享\1.汇旺物资\合同扫描件\01安徽\6 定远县城发新材料科技项目土建部分\钢筋-龙源\2 汇旺-龙源 定远项目-钢筋采购补充协议 393621.36元.pdf,2023-12-08 13:09:45.641851,文件有材料数据，已写入数据库！
\\192.168.180.180\13.平台-财务\平台公司共享\1.汇旺物资\合同扫描件\01安徽\6 定远县城发新材料科技项目土建部分\检查井-三发\59 汇旺-三发 定远项目-检查井采购审批表+公司信息+合同 12600元.pdf,2023-12-08 13:10:15.544059,文件有材料数据，已写入数据库！
\\192.168.180.180\13.平台-财务\平台公司共享\1.汇旺物资\合同扫描件\01安徽\6 定远县城发新材料科技项目土建部分\生石灰-升冉\6-6  汇旺-升冉 定远项目-生石灰采购审批表+公司信息+合同 616000元.pdf,2023-12-08 13:10:32.610480,文件有材料数据，已写入数据库！
\\192.168.180.180\13.平台-财务\平台公司共享\1.汇旺物资\合同扫描件\01安徽\9 G3京台高速公路双堆集互通立交工程（房建部分）\泗赢\12 汇旺-泗赢 G3-水泥采购合同 284124元.pdf,2023-12-08 13:11:01.356310,文件有材料数据，已写入数据库！
\\192.168.180.180\13.平台-财务\平台公司共享\1.汇旺物资\合同扫描件\01安徽\6 定远县城发新材料科技项目土建部分\路缘石、花岗石-国鑫\汇旺-国鑫 定远项目-路缘石、花岗石采购合同 328781.19元.pdf,2023-12-08 13:11:07.023081,文件有材料数据，已写入数据库！
\\192.168.180.180\13.平台-财务\平台公司共享\1.汇旺物资\合同扫描件\01安徽\6 定远县城发新材料科技项目土建部分\商混-梦元\汇旺-梦元 定远项目-商品混凝土采购合同审批表 104w.pdf,2023-12-08 13:11:14.207153,文件无材料数据！
\\192.168.180.180\13.平台-财务\平台公司共享\1.汇旺物资\合同扫描件\01安徽\6 定远县城发新材料科技项目土建部分\信合源\汇旺-信合源 定远项目-地砖采购 166345元.pdf,2023-12-08 13:11:30.373543,文件有材料数据，已写入数据库！
\\192.168.180.180\13.平台-财务\平台公司共享\1.汇旺物资\合同扫描件\01安徽\7 马鞍山市当涂县公共体育场中标准田径场跑道和足球场项目（足球场项目）项目\7-1 汇旺-龙威 马鞍山项目-模板采购合同 114400元.pdf,2023-12-08 13:11:40.428955,文件有材料数据，已写入数据库！
\\192.168.180.180\13.平台-财务\平台公司共享\1.汇旺物资\合同扫描件\01安徽\8 S260新合蚌路改建工程路灯照明土建部分项目\8-2 汇旺-恒泰 S260项目-路灯基础钢筋采购合同 716750元.pdf,2023-12-08 13:12:04.419370,文件有材料数据，已写入数据库！
\\192.168.180.180\13.平台-财务\平台公司共享\1.汇旺物资\合同扫描件\01安徽\8 S260新合蚌路改建工程路灯照明土建部分项目\8-2 汇旺-恒泰 S260项目-路灯基础钢筋采购补充协议-更正型号.pdf,2023-12-08 13:12:43.796298,文件无材料数据！
\\192.168.180.180\13.平台-财务\平台公司共享\1.汇旺物资\合同扫描件\01安徽\6 定远县城发新材料科技项目土建部分\钢筋-家庆\汇旺-家庆 定远项目-钢筋采购合同 220350.6元.pdf,2023-12-08 13:12:47.428549,文件有材料数据，已写入数据库！
\\192.168.180.180\13.平台-财务\平台公司共享\1.汇旺物资\合同扫描件\01安徽\9 G3京台高速公路双堆集互通立交工程（房建部分）\信合源\2 汇旺-信合源 G3项目-钢筋采购合同 1259120元.pdf,2023-12-08 13:13:02.296846,文件有材料数据，已写入数据库！
\\192.168.180.180\13.平台-财务\平台公司共享\1.汇旺物资\合同扫描件\01安徽\9 G3京台高速公路双堆集互通立交工程（房建部分）\信合源\9 汇旺-信合源 G3京台-金属窗采购合同 499980元.pdf,2023-12-08 13:13:26.654836,文件无材料数据！
\\192.168.180.180\13.平台-财务\平台公司共享\1.汇旺物资\合同扫描件\01安徽\9 G3京台高速公路双堆集互通立交工程（房建部分）\信合源\4 汇旺-信合源 G3项目-商品混凝土补充协议208000元（2022.09.09）.pdf,2023-12-08 13:13:31.332781,文件无材料数据！
\\192.168.180.180\13.平台-财务\平台公司共享\1.汇旺物资\合同扫描件\01安徽\9 G3京台高速公路双堆集互通立交工程（房建部分）\商混-天成\6 汇旺-天成 G3-商品混凝土采购合同补充协议一 208000元.pdf,2023-12-08 13:13:59.072569,文件有材料数据，已写入数据库！
\\192.168.180.180\13.平台-财务\平台公司共享\1.汇旺物资\合同扫描件\01安徽\7 马鞍山市当涂县公共体育场中标准田径场跑道和足球场项目（足球场项目）项目\汇旺-信合源 马鞍山项目-材料采购 114400元.pdf,2023-12-08 13:14:25.899071,文件无材料数据！
\\192.168.180.180\13.平台-财务\平台公司共享\1.汇旺物资\合同扫描件\01安徽\6 定远县城发新材料科技项目土建部分\模板-道顺\6-7  汇旺-道顺 定远项目-模板采购审批表+公司信息+合同 758500元.pdf,2023-12-08 13:14:45.052566,文件有材料数据，已写入数据库！
\\192.168.180.180\13.平台-财务\平台公司共享\1.汇旺物资\合同扫描件\01安徽\9 G3京台高速公路双堆集互通立交工程（房建部分）\泗赢\12 汇旺-泗赢 G3-水泥采购合同审批表 284124元.pdf,2023-12-08 13:15:25.974281,文件有材料数据，已写入数据库！
\\192.168.180.180\13.平台-财务\平台公司共享\1.汇旺物资\合同扫描件\01安徽\6 定远县城发新材料科技项目土建部分\水泥-耀银\10 汇旺-耀银 定远项目-水泥采购审批表+开户信息+合同 880450元.pdf,2023-12-08 13:17:33.644731,文件有材料数据，已写入数据库！
\\192.168.180.180\13.平台-财务\平台公司共享\1.汇旺物资\合同扫描件\01安徽\9 G3京台高速公路双堆集互通立交工程（房建部分）\信合源\4 汇旺-信合源 G3项目-商品混凝土采购合同 26w.pdf,2023-12-08 13:17:42.268827,文件无材料数据！
\\192.168.180.180\13.平台-财务\平台公司共享\1.汇旺物资\合同扫描件\01安徽\9 G3京台高速公路双堆集互通立交工程（房建部分）\泗赢\3 汇旺-泗赢 G3项目-石子购销审批表+公司信息+合同 181350元.pdf,2023-12-08 13:18:44.007172,文件有材料数据，已写入数据库！
\\192.168.180.180\13.平台-财务\平台公司共享\1.汇旺物资\合同扫描件\01安徽\9 G3京台高速公路双堆集互通立交工程（房建部分）\商混-天成\6 汇旺-天成 G3项目-商品混凝土采购合同+公司信息 26w.pdf,2023-12-08 13:18:47.487623,文件无材料数据！
\\192.168.180.180\13.平台-财务\平台公司共享\1.汇旺物资\合同扫描件\01安徽\6 定远县城发新材料科技项目土建部分\生态护坡砖-文涛\73 汇旺-文涛 定远-生态护坡砖采购合同 78600元.pdf,2023-12-08 13:20:09.179868,文件有材料数据，已写入数据库！
\\192.168.180.180\13.平台-财务\平台公司共享\1.汇旺物资\合同扫描件\01安徽\9 G3京台高速公路双堆集互通立交工程（房建部分）\泗赢\8 汇旺-泗赢 G3项目-铝合金窗材料采购合同 499980元.pdf,2023-12-08 13:21:22.744336,文件无材料数据！
\\192.168.180.180\13.平台-财务\平台公司共享\1.汇旺物资\合同扫描件\01安徽\6 定远县城发新材料科技项目土建部分\钢筋-意隆\6-3  汇旺-意隆 定远项目-钢筋采购补充协议一 668675.78元（2021.11.10）.pdf,2023-12-08 14:33:17.703554,文件解析材料数据结果无名称和规格！
\\192.168.180.180\13.平台-财务\平台公司共享\1.汇旺物资\合同扫描件\01安徽\6 定远县城发新材料科技项目土建部分\信合源\69 汇旺-信合源定远 定远-生石灰采购合同 120400元.pdf,2023-12-08 14:35:26.059387,文件有材料数据，已写入数据库！
\\192.168.180.180\13.平台-财务\平台公司共享\1.汇旺物资\合同扫描件\01安徽\5 利辛县2021年老旧小区改造和平小区施工项目\利辛县文州路天正电器门市部\5-6 汇旺-天正 利辛县项目-电力电缆采购合同 82586元.pdf,2023-12-08 14:35:48.058222,文件有材料数据，已写入数据库！
\\192.168.180.180\13.平台-财务\平台公司共享\1.汇旺物资\合同扫描件\01安徽\6 定远县城发新材料科技项目土建部分\信合源\70 汇旺-信合源定远 定远-材料采购补充协议五 67420元.pdf,2023-12-08 14:36:08.883852,文件有材料数据，已写入数据库！
\\192.168.180.180\13.平台-财务\平台公司共享\1.汇旺物资\合同扫描件\01安徽\9 G3京台高速公路双堆集互通立交工程（房建部分）\泗赢\8 汇旺-泗赢 G3项目-铝合金窗材料采购合同审批表 499980元.pdf,2023-12-08 14:36:09.268761,文件有材料数据，已写入数据库！
\\192.168.180.180\13.平台-财务\平台公司共享\1.汇旺物资\合同扫描件\01安徽\10 2021年中央财政湿地保护资金项目-栖息地改造工程\板材-明鑫\10-7 汇旺-明鑫木业 栖息地项目-板材审批表+采购合同 66750元1.pdf,2023-12-08 14:38:02.844310,文件有材料数据，已写入数据库！
\\192.168.180.180\13.平台-财务\平台公司共享\1.汇旺物资\合同扫描件\01安徽\10 2021年中央财政湿地保护资金项目-栖息地改造工程\板材-明鑫\10-7 汇旺-明鑫木业 栖息地项目-板材审批表+采购合同 66750元2.pdf,2023-12-08 14:38:25.636391,文件无材料数据！
\\192.168.180.180\13.平台-财务\平台公司共享\1.汇旺物资\合同扫描件\01安徽\5 利辛县2021年老旧小区改造和平小区施工项目\利辛县武发墙体材料有限公司\5-11 汇旺-武发 利辛县项目-普通黏土砖采购合同+审批表 94500元.pdf,2023-12-08 14:38:36.845327,文件有材料数据，已写入数据库！
\\192.168.180.180\13.平台-财务\平台公司共享\1.汇旺物资\合同扫描件\01安徽\6 定远县城发新材料科技项目土建部分\信合源\71 汇旺-信合源定远分公司 定远-生态护坡砖采购合同78600元.pdf,2023-12-08 14:39:09.078245,文件有材料数据，已写入数据库！
\\192.168.180.180\13.平台-财务\平台公司共享\1.汇旺物资\合同扫描件\01安徽\9 G3京台高速公路双堆集互通立交工程（房建部分）\鑫义\11 汇旺-鑫义 G3-沥青混凝土采购合同 219000元.pdf,2023-12-08 14:40:02.535387,文件有材料数据，已写入数据库！
\\192.168.180.180\13.平台-财务\平台公司共享\1.汇旺物资\合同扫描件\01安徽\9 G3京台高速公路双堆集互通立交工程（房建部分）\鑫义\11 汇旺-鑫义 G3-沥青混凝土采购合同审批表 219000元.pdf,2023-12-08 14:46:17.640105,文件有材料数据，已写入数据库！
\\192.168.180.180\13.平台-财务\平台公司共享\1.汇旺物资\合同扫描件\01安徽\10 2021年中央财政湿地保护资金项目-栖息地改造工程\混凝土-宏大\21 汇旺-宏大 栖息地项目-混凝土采购审批表+合同2份 1461000元.pdf,2023-12-08 14:50:53.699076,文件无材料数据！
\\192.168.180.180\13.平台-财务\平台公司共享\1.汇旺物资\合同扫描件\01安徽\6 定远县城发新材料科技项目土建部分\信合源\汇旺-信合源 定远项目-电梯采购合同 10.3w.pdf,2023-12-08 15:02:58.912565,文件无材料数据！
\\192.168.180.180\13.平台-财务\平台公司共享\1.汇旺物资\合同扫描件\01安徽\6 定远县城发新材料科技项目土建部分\定远县鑫业新材料有限公司\75 汇旺-鑫业 定远-商品混凝土采购合同审批表 100288.5元.pdf,2023-12-08 15:07:52.528593,文件有材料数据，已写入数据库！
\\192.168.180.180\13.平台-财务\平台公司共享\1.汇旺物资\合同扫描件\01安徽\6 定远县城发新材料科技项目土建部分\岩棉板-瑞联\汇旺-瑞联 定远项目-岩棉板采购合同 33w.pdf,2023-12-08 15:10:22.164294,文件有材料数据，已写入数据库！
\\192.168.180.180\13.平台-财务\平台公司共享\1.汇旺物资\合同扫描件\01安徽\6 定远县城发新材料科技项目土建部分\电梯-凯特\汇旺-凯特 定远项目-电梯采购合同 10.3w.pdf,2023-12-08 15:16:16.471498,文件无材料数据！
\\192.168.180.180\13.平台-财务\平台公司共享\1.汇旺物资\合同扫描件\01安徽\6 定远县城发新材料科技项目土建部分\砂-远刚\65 汇旺-远刚 定远-砂采购合同 255000元.pdf,2023-12-08 15:19:19.035463,文件无材料数据！
